{"schemaVersion":"1.0","appDefinitionTemplate":{"id":"/providers/Microsoft.PowerApps/apps/","type":"Microsoft.PowerApps/apps","tags":{"primaryDeviceWidth":"640","primaryDeviceHeight":"640","supportsPortrait":"true","supportsLandscape":"true","primaryFormFactor":"Phone","publisherVersion":"3.22111.19","minimumRequiredApiVersion":"2.2.0","hasComponent":"false","hasUnlockedComponent":"false","isUnifiedRootApp":"false","sienaVersion":"20221129T133532Z-3.22111.19.0"},"properties":{"appVersion":"2022-11-29T13:35:32Z","lifeCycleId":"Published","createdByClientVersion":{"major":3,"minor":22111,"build":19,"revision":0,"majorRevision":0,"minorRevision":0},"minClientVersion":{"major":3,"minor":22111,"build":19,"revision":0,"majorRevision":0,"minorRevision":0},"backgroundColor":"rgba(0, 221, 204, 1)","backgroundImageUri":"/5192938045168476899/N8994efb7-4cce-4447-bb51-b326942d65ee-logoSmallFile","displayName":"KitchenTimer","description":"","commitMessage":"","appUris":{"documentUri":{"value":"/5192938045168476899/Nff3ddcd4-0e81-4392-9b6f-c6657e47e040-document.msapp"},"imageUris":[],"additionalUris":[]},"createdTime":"0001-01-01T00:00:00Z","lastModifiedTime":"0001-01-01T00:00:00Z","sharedGroupsCount":0,"sharedUsersCount":0,"icons":{"smallIconUri":"/5192938045168476899/N6ff2a3a9-4018-4ac2-a344-0076e003ebd7-small.png","mediumIconUri":"/5192938045168476899/Nfa62df16-671e-4427-84ba-bae6e463843a-medium.png","largeIconUri":"/5192938045168476899/N0f06049e-631e-457b-9bd5-06e7c2134c1f-large.png","wideIconUri":"/5192938045168476899/N79c08760-7184-4026-b331-a62335becb11-wide.png"},"connectionReferences":{},"databaseReferences":{},"almMode":"Environment","performanceOptimizationEnabled":true,"canConsumeAppPass":true,"enableModernRuntimeMode":false,"executionRestrictions":{"isTeamsOnly":false,"dataLossPreventionEvaluationResult":{"status":"Compliant","lastEvaluationDate":"2022-11-28T13:39:52.6510339Z","violations":[],"violationsByPolicy":[],"violationErrorMessage":"このアプリでは、次のコネクタが使用されます: 。"}}},"appType":"ClassicCanvasApp","appComponents":[]}}