{"schemaVersion":"1.0","appDefinitionTemplate":{"id":"/providers/Microsoft.PowerApps/apps/","type":"Microsoft.PowerApps/apps","tags":{"primaryDeviceWidth":"640","primaryDeviceHeight":"640","supportsPortrait":"true","supportsLandscape":"true","primaryFormFactor":"Phone","publisherVersion":"3.22111.19","minimumRequiredApiVersion":"2.2.0","hasComponent":"false","hasUnlockedComponent":"false","isUnifiedRootApp":"false","sienaVersion":"20221128T142709Z-3.22111.19.0"},"properties":{"appVersion":"2022-11-28T14:27:09Z","lifeCycleId":"Published","createdByClientVersion":{"major":3,"minor":22111,"build":19,"revision":0,"majorRevision":0,"minorRevision":0},"minClientVersion":{"major":3,"minor":22111,"build":19,"revision":0,"majorRevision":0,"minorRevision":0},"backgroundColor":"rgba(0, 221, 204, 1)","backgroundImageUri":"/5192938045168476899/N273d8ede-5ed5-46ea-b6df-418cc97de819-logoSmallFile","displayName":"KitchenTimer","description":"","commitMessage":"","appUris":{"documentUri":{"value":"/5192938045168476899/N0f946095-1aae-407a-b7f9-01c8638ff792-document.msapp"},"imageUris":[],"additionalUris":[]},"createdTime":"0001-01-01T00:00:00Z","lastModifiedTime":"0001-01-01T00:00:00Z","sharedGroupsCount":0,"sharedUsersCount":0,"icons":{"smallIconUri":"/5192938045168476899/N66a4d5c7-c8e2-4dfe-a363-5831ecf43a8f-small.png","mediumIconUri":"/5192938045168476899/Nff1925a5-f829-432f-938f-f4d27862ee99-medium.png","largeIconUri":"/5192938045168476899/Necfc5ade-5824-48d1-b8a3-7a3ae1a6a8d4-large.png","wideIconUri":"/5192938045168476899/N5ec44c6a-af43-47a8-9dc8-056289e7104a-wide.png"},"connectionReferences":{},"databaseReferences":{},"almMode":"Environment","performanceOptimizationEnabled":true,"canConsumeAppPass":true,"enableModernRuntimeMode":false,"executionRestrictions":{"isTeamsOnly":false,"dataLossPreventionEvaluationResult":{"status":"Compliant","lastEvaluationDate":"2022-11-28T13:39:52.6510339Z","violations":[],"violationsByPolicy":[],"violationErrorMessage":"このアプリでは、次のコネクタが使用されます: 。"}}},"appType":"ClassicCanvasApp","appComponents":[]}}