{"schemaVersion":"1.0","appDefinitionTemplate":{"id":"/providers/Microsoft.PowerApps/apps/","type":"Microsoft.PowerApps/apps","tags":{"primaryDeviceWidth":"640","primaryDeviceHeight":"640","supportsPortrait":"true","supportsLandscape":"true","primaryFormFactor":"Phone","publisherVersion":"3.22111.19","minimumRequiredApiVersion":"2.2.0","hasComponent":"false","hasUnlockedComponent":"false","isUnifiedRootApp":"false","sienaVersion":"20221128T142042Z-3.22111.19.0"},"properties":{"appVersion":"2022-11-28T14:20:42Z","lifeCycleId":"Published","createdByClientVersion":{"major":3,"minor":22111,"build":19,"revision":0,"majorRevision":0,"minorRevision":0},"minClientVersion":{"major":3,"minor":22111,"build":19,"revision":0,"majorRevision":0,"minorRevision":0},"backgroundColor":"rgba(0, 221, 204, 1)","backgroundImageUri":"/5192938045168476899/Nef8c964f-cebd-4f9e-a108-cb3981c43f80-logoSmallFile","displayName":"KitchenTimer","description":"","commitMessage":"","appUris":{"documentUri":{"value":"/5192938045168476899/N2611e162-bd4c-4f0d-aded-a0e63fcd533f-document.msapp"},"imageUris":[],"additionalUris":[]},"createdTime":"0001-01-01T00:00:00Z","lastModifiedTime":"0001-01-01T00:00:00Z","sharedGroupsCount":0,"sharedUsersCount":0,"icons":{"smallIconUri":"/5192938045168476899/Nee448c5c-53f2-49c7-9be4-0790e0ba1897-small.png","mediumIconUri":"/5192938045168476899/N254b0652-9a3b-4cec-9af2-5674d1956d89-medium.png","largeIconUri":"/5192938045168476899/Nd311c856-832f-4910-85ae-18b0ad156bfe-large.png","wideIconUri":"/5192938045168476899/N365d2ec0-a783-4466-86fe-cbe351b5df97-wide.png"},"connectionReferences":{},"databaseReferences":{},"almMode":"Environment","performanceOptimizationEnabled":true,"canConsumeAppPass":true,"enableModernRuntimeMode":false,"executionRestrictions":{"isTeamsOnly":false,"dataLossPreventionEvaluationResult":{"status":"Compliant","lastEvaluationDate":"2022-11-28T13:39:52.6510339Z","violations":[],"violationsByPolicy":[],"violationErrorMessage":"このアプリでは、次のコネクタが使用されます: 。"}}},"appType":"ClassicCanvasApp","appComponents":[]}}